rmse,mae,r2,modelo
66238.15296353701,28643.743928981865,0.9928123522268115,"RandomForestRegressor(max_depth=10, random_state=42)"
347184.31075009244,231946.67515082785,0.8025348127018359,LinearRegression()
